,Unnamed: 0,ABS ASSET CLASS:            ,BUSINESS PHONE,CENTRAL INDEX KEY,CITY,COMPANY CONFORMED NAME,CONFORMED PERIOD OF REPORT,DATE AS OF CHANGE,DATE OF NAME CHANGE,FILED AS OF DATE,FILM NUMBER,FISCAL YEAR END,FORM TYPE,FORMER CONFORMED NAME,IRS NUMBER,SEC ACT,SEC FILE NUMBER,STANDARD INDUSTRIAL CLASSIFICATION,STATE,STATE OF INCORPORATION,STREET 1,STREET 2,ZIP
26,1853,,949-888-8060,1853,IRVINE,"MotivNation, Inc.",,,20000101.0,,10831929.0,1231.0,10-K,ABERDEEN IDAHO MINING CO,826008492.0,1934 Act,000-50048,MOTOR VEHICLES & PASSENGER CAR BODIES [3711],CA,,"18101 VON KARMAN AVE., SUITE 330",,92612
114,1053439,,8605250821,1053439,WINDSOR,STANADYNE CORP,,,19980121.0,,14730602.0,1231.0,10-K,STANADYNE AUTOMOTIVE CORP,222940378.0,1934 Act,333-45823,MOTOR VEHICLE PARTS & ACCESSORIES [3714],CT,DE,92 DEERFIELD ROAD,92 DEERFIELD ROAD,06095
245,1058198,,5706032335,1058198,EXETER,KEYSTONE AUTOMOTIVE OPERATIONS INC,,,,,10696348.0,1230.0,10-K,,232950980.0,1934 Act,333-112252,WHOLESALE-MOTOR VEHICLE SUPPLIES & NEW PARTS [5013],PA,PA,44 TUNKHANNOCK AVE,,18643
355,1062231,,3137583600,1062231,DETROIT,AMERICAN AXLE & MANUFACTURING HOLDINGS INC,,,,,19611085.0,1231.0,10-K,,383161171.0,1934 Act,001-14303,MOTOR VEHICLE PARTS & ACCESSORIES [3714],MI,DE,ONE DAUCH DRIVE,,48211-1198
376,1063197,,585-254-1100,1063197,ROCHESTER,"CurAegis Technologies, Inc.",,,19980610.0,,19781454.0,1231.0,10-K/A,TORVEC INC,161509512.0,1934 Act,000-24455,MOTOR VEHICLE PARTS & ACCESSORIES [3714],NY,NY,1999 MT. READ BLVD.,BUILDING #3,14615
440,1065696,,312-621-1950,1065696,CHICAGO,LKQ CORP,,,,,19648837.0,1231.0,10-K,,364215970.0,1934 Act,000-50404,WHOLESALE-MOTOR VEHICLES & MOTOR VEHICLE PARTS & SUPPLIES [5010],IL,DE,500 WEST MADISON STREET,SUITE 2800,60661
536,20740,,(615)771-3100,20740,FRANKLIN,CLARCOR INC.,,,19871001.0,,17554325.0,1130.0,10-K,CLARK J L MANUFACTURING CO /DE/,360922490.0,1934 Act,001-11024,MOTOR VEHICLE PARTS & ACCESSORIES [3714],TN,DE,840 CRESCENT CENTRE DRIVE,SUITE 600,37067
562,1070181,,760-510-6910,1070181,HUNTINGTON BEACH,"San West, Inc",,,19991027.0,,11864638.0,1231.0,10-K/A,HUMAN BIOSYSTEMS INC,770481056.0,1934 Act,000-28413,MOTOR VEHICLES & PASSENGER CAR BODIES [3711],CA,CA,21316 SEASPRITE CIRCLE,,92646
623,1072342,,248-813-2000,1072342,TROY,DELPHI CORP,,,19981020.0,,9651086.0,1231.0,10-K,DELPHI AUTOMOTIVE SYSTEMS CORP,383430473.0,1934 Act,001-14787,MOTOR VEHICLE PARTS & ACCESSORIES [3714],MI,DE,5725 DELPHI DRIVE,,48098
640,1073146,,2813349479,1073146,KEMAH,AMERICAN INTERNATIONAL INDUSTRIES INC,,,,,15777872.0,1231.0,10-K/A,,880326480.0,1934 Act,001-33640,MOTOR VEHICLE PARTS & ACCESSORIES [3714],TX,NV,601 CIEN ST,SUITE 235,77565-2701
682,26780,,419-887-3000,26780,MAUMEE,DANA INC,,,19920703.0,,19611187.0,1231.0,10-K,DANA CORP,261531856.0,1934 Act,001-01063,MOTOR VEHICLE PARTS & ACCESSORIES [3714],OH,DE,PO BOX 1000,,43537
728,1076744,,949-851-4300,1076744,IRVINE,"EMAV Holdings, Inc.",,,20081112.0,,161548595.0,1029.0,10-K,"Ravenwood Bourne, Ltd.",263167800.0,1934 Act,000-53492,MOTOR VEHICLES & PASSENGER CAR BODIES [3711],CA,DE,1900 MAIN STREET,SUITE 300,92614
755,1077638,,3083811355,1077638,GRAND ISLAND,SENSE TECHNOLOGIES INC,,,,,161832057.0,228.0,10-K,,470827058.0,1934 Act,000-29990,MOTOR VEHICLE PARTS & ACCESSORIES [3714],NE,B0,2535 N CARLETON AVENUE,,68803
881,1082176,,727-364-2744,1082176,TAMPA,"KLEANGAS ENERGY TECHNOLOGIES, INC.",,,20000728.0,,14766261.0,1231.0,10-K,REDMOND CAPITAL CORP,455349950.0,1934 Act,000-31219,MOTOR VEHICLE PARTS & ACCESSORIES [3714],FL,,3001 N. ROCKY POINT RD.,SUITE 200,33607
885,1082278,,905-695-4141 EX-266,1082278,MONTGOMERYVILLE,ENVIRONMENTAL SOLUTIONS WORLDWIDE INC,,,,,15738488.0,1231.0,10-K,,134172059.0,1934 Act,000-30392,MOTOR VEHICLE PARTS & ACCESSORIES [3714],PA,FL,200 PROGRESS DR,,18936
1044,37996,,3133223000,37996,DEARBORN,FORD MOTOR CO,,,,,19621964.0,1231.0,10-K,,380549190.0,1934 Act,001-03950,MOTOR VEHICLES & PASSENGER CAR BODIES [3711],MI,DE,ONE AMERICAN RD,,48126
1120,40730,,313 556-5000,40730,DETROIT,Motors Liquidation Co,,,19930816.0,,19875352.0,331.0,10-K,GENERAL MOTORS CORP,380572515.0,1934 Act,001-00043,MOTOR VEHICLES & PASSENGER CAR BODIES [3711],MI,DE,500 RENAISSANCE CTR,SUITE 1400,48265-3000
1129,40987,,6789345000,40987,ATLANTA,GENUINE PARTS CO,,,,,191011715.0,1231.0,10-K/A,,580254510.0,1934 Act,001-05690,WHOLESALE-MOTOR VEHICLE SUPPLIES & NEW PARTS [5013],GA,GA,2999 WILDWOOD PARKWAY,,30339
1332,1096275,,1-888-554-8789,1096275,VAUGHAN,"Franchise Holdings International, Inc.",,,19991005.0,,19819206.0,1231.0,10-K,TMANGLOBAL COM INC,650782227.0,1934 Act,000-27631,MOTOR VEHICLE PARTS & ACCESSORIES [3714],A6,NV,3120 RUTHERFORD RD,SUITE 414,L4K OB2
1348,1096637,,877 611 7284,1096637,SANTA ANA,SaviCorp,,,19991012.0,,15941727.0,1231.0,10-K,GENE CELL INC,911766174.0,1934 Act,000-27727,MOTOR VEHICLE PARTS & ACCESSORIES [3714],CA,NV,2530 SOUTH BIRCH STREET,,92707
1719,60977,,2036461233,60977,MANCHESTER,LYDALL INC /DE/,,,19700115.0,,19631635.0,1231.0,10-K,COLONIAL BOARD CO,60865505.0,1934 Act,001-07665,MOTOR VEHICLE PARTS & ACCESSORIES [3714],CT,DE,ONE COLONIAL RD,P O BOX 151,06045-0151
1754,1111335,,800-847-8366,1111335,VAN BUREN TOWNSHIP,VISTEON CORP,,,,,19622462.0,1231.0,10-K,,383519512.0,1934 Act,001-15827,MOTOR VEHICLE PARTS & ACCESSORIES [3714],MI,DE,ONE VILLAGE CENTER DRIVE,,48111
1797,1113256,,248-435-1000,1113256,TROY,MERITOR INC,,,20000501.0,,181188202.0,930.0,10-K,MU SUB INC,383354643.0,1934 Act,001-15983,MOTOR VEHICLE PARTS & ACCESSORIES [3714],MI,IN,2135 W MAPLE ROAD,,48084
1867,67347,,2626361200,67347,RACINE,MODINE MANUFACTURING CO,,,,,19849655.0,331.0,10-K,,390482000.0,1934 Act,001-01373,MOTOR VEHICLE PARTS & ACCESSORIES [3714],WI,WI,1500 DEKOVEN AVE,,53403
2069,75362,,425 468 7525,75362,BELLEVUE,PACCAR INC,,,19720707.0,,19621923.0,1231.0,10-K,PACIFIC CAR & FOUNDRY CO,910351110.0,1934 Act,001-14817,MOTOR VEHICLES & PASSENGER CAR BODIES [3711],WA,DE,PACCAR BUILDING,777 106TH AVENUE NE,98004
2147,1126533,,561 989 3600,1126533,BOCA RATON,"Andover Holdings, Inc./FL",,,20011115.0,,12824010.0,1231.0,10-K,REAL LOGIC  INC,641045849.0,1934 Act,000-32055,MOTOR VEHICLES & PASSENGER CAR BODIES [3711],FL,FL,7300 N. FEDERAL HIGHWAY,SUITE 207,33487
2500,93389,,718-392-0200,93389,LONG ISLAND CITY,"STANDARD MOTOR PRODUCTS, INC.",,,19920703.0,,19617663.0,1231.0,10-K,STANDARD MOTOR PRODUCTS INC,111362020.0,1934 Act,001-04743,MOTOR VEHICLE PARTS & ACCESSORIES [3714],NY,NY,37-18 NORTHERN BLVD.,,11101
2549,95552,,248-352-7300,95552,SOUTHFIELD,SUPERIOR INDUSTRIES INTERNATIONAL INC,,,,,19665841.0,1231.0,10-K,,952594729.0,1934 Act,001-06615,MOTOR VEHICLE PARTS & ACCESSORIES [3714],MI,DE,26600 TELEGRAPH ROAD,,48033
2625,99249,,5612207662,99249,STUART,REGENCY AFFILIATES INC,,,19800609.0,,10968746.0,1231.0,10-K,TRANSCONTINENTAL ENERGY CORP,720888772.0,1934 Act,001-07949,MOTOR VEHICLE PARTS & ACCESSORIES [3714],FL,DE,729 SE FEDERAL HWY,STE 307,34994
2648,101116,,,101116,ALBION,UNITED COMPONENTS INC,,,,,10692892.0,1231.0,10-K,,43759857.0,1934 Act,333-107219,MOTOR VEHICLE PARTS & ACCESSORIES [3714],IL,DE,301 INDUSTRIAL DR,,62806
2754,1157758,,800-841-2222,1157758,SPENCER,"ATC Ventures Group, Inc.",,,20010820.0,,12774099.0,930.0,10-K,CYCLE COUNTRY ACCESSORIES CORP,421523809.0,1934 Act,001-31715,MOTOR VEHICLE PARTS & ACCESSORIES [3714],IA,NV,1701 38TH AVE W,,51301
2755,1157762,,0716-8324631,1157762,HUBEI PROVINCE,CHINA AUTOMOTIVE SYSTEMS INC,,,20010820.0,,19711917.0,1231.0,10-K,VISIONS IN GLASS INC,330885775.0,1934 Act,000-33123,MOTOR VEHICLE PARTS & ACCESSORIES [3714],F4,DE,"NO. 1, HENGLONG ROAD","YU QIAO DEVELOPMENT ZONE,JINGZHOU CITY",XXXXX
2804,1158702,,604-678-9446,1158702,WOODLAND HILLS,"Transnational Automotive Group, Inc.",,,20010905.0,,8898835.0,228.0,10-K,APACHE MOTOR CORP,760603927.0,1934 Act,000-33149,MOTOR VEHICLE PARTS & ACCESSORIES [3714],CA,NV,21800 BURBANK BLVD.,SUITE 200,91367
2868,1162862,,7039184926,1162862,TAIHE DISTRICT,"Wonder Auto Technology, Inc",,,20011129.0,,10657947.0,1231.0,10-K,MGCC INVESTMENT STRATEGIES INC,880495105.0,1934 Act,001-33648,MOTOR VEHICLE PARTS & ACCESSORIES [3714],F4,NV,NO. 56 LINGXI STREET,TAIHE DISTRICT,121013
2926,1166380,,949-399-4500,1166380,LAKE FOREST,"QUANTUM FUEL SYSTEMS TECHNOLOGIES WORLDWIDE, INC.",,,20020201.0,,15704002.0,1231.0,10-K,QUANTUM FUEL SYSTEMS TECHNOLOGIES WORLDWIDE INC,330933072.0,1934 Act,000-49629,MOTOR VEHICLE PARTS & ACCESSORIES [3714],CA,DE,25242 ARCTIC OCEAN DRIVE,,92630
3387,1237941,,7347375084,1237941,NORTHVILLE,HAYES LEMMERZ INTERNATIONAL INC,,,20030602.0,,9864783.0,131.0,10-K/A,HLI HOLDING CO INC,320072578.0,1934 Act,000-50303,MOTOR VEHICLE PARTS & ACCESSORIES [3714],MI,DE,15300 CENTENNIAL DRIVE,,48167
3471,1260037,,516-887-8200,1260037,VALLEY STREAM,Energtek,,,20030814.0,,8714161.0,1231.0,10-K,ELDERWATCH INC,0.0,1934 Act,000-51249,MOTOR VEHICLE PARTS & ACCESSORIES [3714],NY,,26 EAST HAWTHORNE AVENUE,,11580
3552,1267097,,734 855 2600,1267097,LIVONIA,TRW AUTOMOTIVE HOLDINGS CORP,,,,,15799403.0,1231.0,10-K/A,,810597059.0,1934 Act,001-31970,MOTOR VEHICLE PARTS & ACCESSORIES [3714],MI,DE,12001TECH CENTER DRIVE,,48150
3702,1278363,,517-540-0045,1278363,HOWELL,MARKETING WORLDWIDE CORP,,,,,13530980.0,1231.0,10-K,,680566295.0,1934 Act,000-50586,WHOLESALE-MOTOR VEHICLE SUPPLIES & NEW PARTS [5013],MI,DE,2212 GRAND COMMERCE DRIVE,,48855
3774,1281949,,8009233725,1281949,CARMEL,ADESA INC,,,,,12771244.0,1231.0,10-K/A,,351842546.0,1934 Act,001-32198,WHOLESALE-MOTOR VEHICLES & MOTOR VEHICLE PARTS & SUPPLIES [5010],IN,,13085 HAMILTON CROSSING BLVD,,46032
3843,1284454,,888-669-3588,1284454,ST. JOHN'S,ENVIRONMENTAL CONTROL CORP.,,,20040322.0,,12776991.0,1231.0,10-K,BOSS MINERALS INC,203626387.0,1934 Act,333-120682,MOTOR VEHICLE PARTS & ACCESSORIES [3714],A4,,85 KENMOUNT ROAD,,A1B 3N7
3960,1290900,,614 289 5360,1290900,NEW ALBANY,"Commercial Vehicle Group, Inc.",,,,,19673188.0,1231.0,10-K,,411990662.0,1934 Act,001-34365,MOTOR VEHICLE PARTS & ACCESSORIES [3714],OH,DE,7800 WALTON PARKWAY,,43054
4334,1316517,,(86-0579) 82239851,1316517,JINHUA,"Kandi Technologies Group, Inc.",,,20050203.0,,19683019.0,1231.0,10-K,STONE MOUNTAIN RESOURCES INC,870700927.0,1934 Act,001-33997,MOTOR VEHICLES & PASSENGER CAR BODIES [3711],F4,DE,JINHUA CITY INDUSTRIAL ZONE,ZHEJIANG PROVINCE,321016
4372,1318605,,650-681-5000,1318605,PALO ALTO,"Tesla, Inc.",,,20050222.0,,19613254.0,1231.0,10-K,TESLA MOTORS INC,912197729.0,1934 Act,001-34756,MOTOR VEHICLES & PASSENGER CAR BODIES [3711],CA,DE,3500 DEER CREEK RD,,94304
4394,1320461,,248-596-5900,1320461,NOVI,Cooper-Standard Holdings Inc.,,,20050311.0,,19630321.0,1231.0,10-K,CSA Acquisition Corp.,201945088.0,1934 Act,001-36127,MOTOR VEHICLE PARTS & ACCESSORIES [3714],MI,DE,39550 ORCHARD HILL PLACE DRIVE,,48375
4424,1321724,,403-291-7020,1321724,CALGARY,Cal Alta Auto Glass Inc,,,,,9750594.0,1231.0,10-K,,880448809.0,1934 Act,000-51227,WHOLESALE-MOTOR VEHICLES & MOTOR VEHICLE PARTS & SUPPLIES [5010],A0,NV,#8 3927 EDMONTON TRAIL NE,,T2E6T1
4450,1323274,,8605250821,1053439,WINDSOR,STANADYNE CORP,,,19980121.0,,14730602.0,1231.0,10-K,STANADYNE AUTOMOTIVE CORP,222940378.0,1934 Act,333-45823,MOTOR VEHICLE PARTS & ACCESSORIES [3714],CT,DE,92 DEERFIELD ROAD,92 DEERFIELD ROAD,06095
4462,1323891,,704-632-7110,1323891,HUNTERSVILLE,"American Tire Distributors Holdings, Inc.",,,,,15710492.0,,10-K,,593796143.0,1934 Act,333-124878,WHOLESALE-MOTOR VEHICLE SUPPLIES & NEW PARTS [5013],NC,,1220 HERBERT WAYNE COURT,SUITE 150,28078
4516,277509,,630-954-2000,277509,OAK BROOK,,,,19600201.0,,19642548.0,1231.0,10-K,FEDERAL SIGN & SIGNAL CORP /DE/,361063330.0,1934 Act,001-06003,MOTOR VEHICLES & PASSENGER CAR BODIES [3711],IL,DE,1415 WEST 22ND STREET,SUITE 1100,60523
4587,1328655,,704-869-3300,1328655,GASTONIA,Affinia Group Intermediate Holdings Inc.,,,,,161568291.0,1231.0,10-K,,342022081.0,1934 Act,333-128166-10,MOTOR VEHICLE PARTS & ACCESSORIES [3714],NC,DE,1 WIX WAY,,28054
4812,1340786,,646-502-7170,1340786,NEW YORK,"Fuel Systems Solutions, Inc.",,,,,161504722.0,1231.0,10-K,,203960974.0,1934 Act,001-32999,MOTOR VEHICLE PARTS & ACCESSORIES [3714],NY,DE,780 THIRD AVENUE,25TH FLOOR,10017
5046,1352419,,(8629) 8726-5109,1352419,XI'AN,ENVIRONMENT ECOLOGY HOLDING CO OF CHINA,,,20060207.0,,81114226.0,630.0,10-K,"DISPATCH AUTO PARTS, INC.",204200300.0,1934 Act,000-51818,WHOLESALE-MOTOR VEHICLE SUPPLIES & NEW PARTS [5013],F4,FL,"391 HUA YU LANE, DONG XIN STREET",,50000
5131,1355042,,(86) 22-2576-2771,1355042,TIANJIN,China Auto Logistics Inc,,,20060303.0,,17716829.0,1231.0,10-K,FRESH IDEAS MEDIA INC,202574314.0,1934 Act,001-34393,WHOLESALE-MOTOR VEHICLES & MOTOR VEHICLE PARTS & SUPPLIES [5010],F4,NV,FLOOR 1 FTZ INTERNATIONAL AUTO MALL,"86 TIANBAO AVENUE, FREE TRADE ZONE",300461
5176,1356564,,82 70 4699 3585,1356564,SEOUL,"Leo Motors, Inc.",,,20060317.0,,17911458.0,1231.0,10-K/A,Simco America Inc.,953909667.0,1934 Act,000-53525,MOTOR VEHICLES & PASSENGER CAR BODIES [3711],M5,NV,3F BOKWANG BLDG.,"SEOWOON-RO 6 GIL 14, SEOCHO-GU",06734
5675,1369203,,925-930-0100,1369203,"WALNUT CREEK,",HK BATTERY TECHNOLOGY INC,,,20060718.0,,161571774.0,1231.0,10-K,"Nano Holdings International, Inc.",203724068.0,1934 Act,000-52636,MOTOR VEHICLE PARTS & ACCESSORIES [3714],CA,DE,"1640 TERRACE WAY,",,94597
5681,1369444,,562-531-8886,1369444,PARAMOUNT,MIZATI LUXURY ALLOY WHEELS INC,,,,,11781403.0,,10-K/A,,0.0,1934 Act,000-53509,MOTOR VEHICLE PARTS & ACCESSORIES [3714],CA,,16122 ORANGE AVE,,90723
5903,1375911,,516-971-3385,1375911,COLD SPRING HARBOR,"ISDERA NORTH AMERICA, INC.",,,,,11763588.0,630.0,10-K,,112885989.0,1934 Act,000-52844,MOTOR VEHICLES & PASSENGER CAR BODIES [3711],NY,,50 PINE DRIVE,,11724
6608,1390844,,248-270-9299,1390844,ROCHESTER HILLS,WABCO Holdings Inc.,,,,,19609822.0,1231.0,10-K,,208481962.0,1934 Act,001-33332,MOTOR VEHICLES & PASSENGER CAR BODIES [3711],MI,DE,2770 RESEARCH DRIVE,,48309
6695,1392477,,702-870-0700,1392477,"NORTH LAS VEGAS,",XTREME GREEN ELECTRIC VEHICLES INC.,,,20070308.0,,15729702.0,1231.0,10-K,BELARUS CAPITAL CORP.,262373311.0,1934 Act,000-52502,MOTOR VEHICLES & PASSENGER CAR BODIES [3711],NV,NV,3010 ALEXANDER AVE.,SUITE 1002,89030
7096,1398529,,714-545-7777,1398529,SANTA ANA,"GREENKRAFT, INC.",,,20070504.0,,19823051.0,1231.0,10-K/A,Sunrise Global Inc.,208767728.0,1934 Act,000-53047,MOTOR VEHICLES & PASSENGER CAR BODIES [3711],CA,NV,2530 S. BIRCH STREET,,92797
7519,1403930,,845 356 8008,1403930,MONSEY,GISSER AUTOMOTIVE CONCEPTS INC,,,,,101016233.0,430.0,10-K,,133948927.0,1934 Act,333-145181,MOTOR VEHICLES & PASSENGER CAR BODIES [3711],NY,NY,52 EDISON COURT,UNIT E,10952
7554,355811,,6167721800,355811,ZEELAND,GENTEX CORP,,,,,19624492.0,1231.0,10-K,,382030505.0,1934 Act,000-10235,MOTOR VEHICLE PARTS & ACCESSORIES [3714],MI,MI,600 N CENTENNIAL STREET,,49464
7582,1404804,,760-591-0089,1404804,VISTA,Omnitek Engineering Corp,,,,,19720259.0,1231.0,10-K,,0.0,1934 Act,000-53955,MOTOR VEHICLE PARTS & ACCESSORIES [3714],CA,CA,1333 KEYSTONE WAY,#101,92081
7924,1411207,,(317) 242-5000,1411207,Indianapolis,Allison Transmission Holdings Inc,,,,,19633839.0,1231.0,10-K,,0.0,1934 Act,001-35456,MOTOR VEHICLE PARTS & ACCESSORIES [3714],IN,DE,ONE ALLISON WAY,,46222
8099,1414792,,954-779-3600,1414792,FORT LAUDERDALE,"SCORPION PERFORMANCE, INC.",,,,,11983158.0,1231.0,10-K,,650979606.0,1934 Act,000-52859,MOTOR VEHICLE PARTS & ACCESSORIES [3714],FL,FL,3000 S.W. 4TH AVENUE,,33315
8102,1414937,,812-867-4156,1414937,EVANSVILLE,"UCI Holdco, Inc.",,,,,10692897.0,1231.0,10-K,,161760186.0,1934 Act,333-147178,MOTOR VEHICLE PARTS & ACCESSORIES [3714],IN,DE,14601 HIGHWAY 41 NORTH,,47725
8164,1416299,,011-86-135-9605-1170,1416299,CHANG CHUN,Avatar Ventures Corp.,,,,,111240310.0,731.0,10-K/A,,0.0,1934 Act,333-147037,MOTOR VEHICLE PARTS & ACCESSORIES [3714],F4,NV,"POSTAL CODE 130021, BOX 2225","MING DE ROAD POST OFFICE, CHAO YANG",1300006
8239,1418452,,949-903-9144,1418452,LAS VEGAS,"Blink Technologies, Inc.",,,20100208.0,,14994132.0,930.0,10-K,TRUESPORT ALLIANCES LTD,261395403.0,1934 Act,000-53564,WHOLESALE-MOTOR VEHICLES & MOTOR VEHICLE PARTS & SUPPLIES [5010],NV,NV,5536 FT APACHE #102,,89148
8289,1419581,,248-354-7700,1419581,SOUTHFIELD,Federal-Mogul Holdings LLC,,,20071228.0,,17628734.0,1231.0,10-K,FEDERAL-MOGUL CORP,208350090.0,1934 Act,001-34029,MOTOR VEHICLE PARTS & ACCESSORIES [3714],MI,DE,27300 WEST 11 MILE ROAD,,48034
8339,1420421,,1888 251 3422,1420421,NEW YORK,"MUSTANG ALLIANCES, INC.",,,20071206.0,,13751846.0,,10-K,MUSTANG ALLIANCES,743206736.0,1934 Act,000-54212,WHOLESALE-MOTOR VEHICLE SUPPLIES & NEW PARTS [5013],NY,,410 PARK AVENUE,15TH FLOOR,10022
8524,1425287,,513-360-4704,1425287,LOVELAND,Workhorse Group Inc.,,,20080128.0,,19686928.0,1231.0,10-K,"Title Starts Online, Inc.",261394771.0,1934 Act,001-37673,MOTOR VEHICLES & PASSENGER CAR BODIES [3711],OH,NV,100 COMMERCE DRIVE,,45140
8850,1434589,,714-619-3600,1434589,COSTA MESA,"T3 Motion, Inc.",,,,,13764240.0,1231.0,10-K,,204987549.0,1934 Act,001-35133,MOTOR VEHICLES & PASSENGER CAR BODIES [3711],CA,DE,"2990 AIRWAY AVENUE, SUITE A",,92626
9149,1443157,,775-321-8216,1443157,CARSON CITY,eFleets Corp,,,20080815.0,,14768168.0,1231.0,10-K,"NUMBEER, INC.",262374319.0,1934 Act,000-54357,MOTOR VEHICLES & PASSENGER CAR BODIES [3711],NV,NV,112 NORTH CURRY STREET,,89703
9208,1444855,,86-028-8506-8768,1444855,"CHENGDU, SICHUAN PROVINCE","Dongsheng Pharmaceutical International Co., Ltd.",,,20080910.0,,101084232.0,630.0,10-K,"Indestructible, Inc",262603989.0,1934 Act,333-154787,MOTOR VEHICLE PARTS & ACCESSORIES [3714],F4,DE,"ROOM 10, 9TH FLOOR, BUILDING NO. 5","9 GAOSHENGQIAO ROAD, DAYI LOUVER PLAZA",610041
9371,1453420,,(855) 324-6288,1453420,SCOTTSDALE,"Echo Automotive, Inc.",,,20090108.0,,14731331.0,1231.0,10-K,"Canterbury Resources, Inc.",980599680.0,1934 Act,000-53681,MOTOR VEHICLE PARTS & ACCESSORIES [3714],AZ,NV,"16000 N. 80TH STREET, SUITE E",,85260
9444,1459003,,877-693-8227,1459003,FORT WORTH,"EVCARCO, INC.",,,,,12761976.0,1231.0,10-K,,263526039.0,1934 Act,000-53978,WHOLESALE-MOTOR VEHICLES & MOTOR VEHICLE PARTS & SUPPLIES [5010],TX,NV,7703 SAND STREET,,76118
9445,1459188,,818-224-5678,1459188,CALABASAS,"FUEL DOCTOR HOLDINGS, INC.",,,20090320.0,,12862166.0,1231.0,10-K,Silverhill Management Services Inc,262274999.0,1934 Act,333-161052,WHOLESALE-MOTOR VEHICLE SUPPLIES & NEW PARTS [5013],CA,DE,23961 CRAFTSMAN ROAD L,,91302
9570,1467858,,313.667.1500,1467858,DETROIT,General Motors Co,,,,,19572051.0,1231.0,10-K,,270756180.0,1934 Act,001-34960,MOTOR VEHICLES & PASSENGER CAR BODIES [3711],MI,,300 RENAISSANCE CENTER,,48265-3000
9793,1479526,,(86)0451-84800733,1479526,"HARBIN, HEILONGJIANG","China Modern Agricultural Information, Inc.",,,20091228.0,,171113710.0,630.0,10-K/A,TRADE LINK WHOLESALERS INC.,0.0,1934 Act,000-54510,WHOLESALE-MOTOR VEHICLE SUPPLIES & NEW PARTS [5013],F4,NV,"NO. A09, WUZHOU SUN TOWN","LIMIN AVENUE, LIMIN DEVELOPMENT DISTRICT",0
9875,1485469,,248-675-6000,1485469,LIVONIA,"Tower International, Inc.",,,20100225.0,,19635968.0,1231.0,10-K,"Tower Automotive, LLC",208879584.0,1934 Act,001-34903,MOTOR VEHICLE PARTS & ACCESSORIES [3714],MI,DE,17672 LAUREL PARK DRIVE NORTH,SUITE 400E,48152
10007,1491029,,801-674-3757,1491029,TAYLORSVILLE,RVPlus Inc.,,,,,121027968.0,1231.0,10-K,,271986126.0,1934 Act,333-168768,MOTOR VEHICLE PARTS & ACCESSORIES [3714],UT,DE,4278 S. CHEGWIDDEN LANE,,84123
10114,1495899,,505-842-5201,1495899,ALBUQUERQUE,"Enerpulse Technologies, Inc.",,,20100702.0,,161887240.0,1231.0,10-K,SMSA Katy Acquisition Corp,272969241.0,1934 Act,000-54092,MOTOR VEHICLE PARTS & ACCESSORIES [3714],NM,NV,2451 ALAMO AVENUE SE,,87106
10158,1497632,,877-449-8842,1497632,NEWPORT BEACH,Green Automotive Co,,,20100728.0,,14730538.0,1231.0,10-K,Matter of Time I Co.,223680581.0,1934 Act,000-54049,MOTOR VEHICLES & PASSENGER CAR BODIES [3711],CA,,23 CORPORATE PLACE,SUITE 150,92660
10179,1498148,,(702) 990-3271,1498148,RENO,Artificial Intelligence Technology Solutions Inc.,,,20100803.0,,191066219.0,228.0,10-K/A,ON THE MOVE SYSTEMS CORP.,272343603.0,1934 Act,000-55079,MOTOR VEHICLE PARTS & ACCESSORIES [3714],NV,NV,1 EAST LIBERTY,6TH FLOOR,89501
10536,1513153,,800-247-9753,1513153,AUBURN HILLS,FCA US LLC,,,20110215.0,,15673485.0,1231.0,10-K,Chrysler Group LLC,270187394.0,1934 Act,000-54282,MOTOR VEHICLES & PASSENGER CAR BODIES [3711],MI,DE,1000 CHRYSLER DRIVE,,48326
10714,1521332,,353-1-259-7013,1521332,DUBLIN,Aptiv PLC,,,20110520.0,,19563809.0,1231.0,10-K,Delphi Automotive PLC,0.0,1934 Act,001-35346,MOTOR VEHICLE PARTS & ACCESSORIES [3714],L2,Y9,5 HANOVER QUAY,GRAND CANAL DOCK,2
10802,1526726,,587-984-2321,1526726,LAS VEGAS,HORIZON MINERALS CORP.,,,20110726.0,,17731366.0,1231.0,10-K,SAFE DYNAMICS CORP,412281448.0,1934 Act,333-176798,MOTOR VEHICLE PARTS & ACCESSORIES [3714],NV,,9101 WEST SAHARA AVENUE,SUITE 105 - 197,89117
10840,1528098,,800-888-8945,1528098,CORONA,"Saleen Automotive, Inc.",,,20110816.0,,191137226.0,331.0,10-K,"W270, INC.",452808694.0,1934 Act,000-55236,MOTOR VEHICLES & PASSENGER CAR BODIES [3711],CA,NV,2735 WARDLOW ROAD,,92882
10891,1530185,,877-571-1776,1530185,LAS VEGAS,AMERITEK VENTURES,,,20110916.0,,181117545.0,531.0,10-K,ATVROCKN,274594495.0,1934 Act,000-54739,MOTOR VEHICLE PARTS & ACCESSORIES [3714],NV,NV,1980 FESTIVAL PLAZA DR,SUITE 530,89135
11023,1537660,,203-205-2900,1537660,DANBURY,Armored AutoGroup Inc.,,,,,15729529.0,1231.0,10-K,,273620112.0,1934 Act,333-180736,WHOLESALE-MOTOR VEHICLE SUPPLIES & NEW PARTS [5013],CT,DE,39 OLD RIDGEBURY ROAD,,06810
11081,1541165,,852-3693 0998,1541165,WANCHAI,US Parts Online Inc,,,,,15705855.0,1130.0,10-K,,392078722.0,1934 Act,333-179765,MOTOR VEHICLE PARTS & ACCESSORIES [3714],K3,NV,"ROOM 2812 28/F, OFFICE TOWER","CONVENTION PLAZA, 1 HARBOUR ROAD",00000
11488,1563568,,(951) 407-9860 X205,1563568,CORONA,"ADOMANI, INC.",,,20121203.0,,19846145.0,1231.0,10-K/A,"Adomani, Inc.",0.0,1934 Act,001-38078,MOTOR VEHICLE PARTS & ACCESSORIES [3714],CA,DE,4740 GREEN RIVER ROAD,SUITE 106,92880
11753,1577898,,404-589-8000,1577898,ATLANTA,"Green Parts International, Inc.",,,,,161570821.0,1231.0,10-K,,205535892.0,1934 Act,000-54971,WHOLESALE-MOTOR VEHICLES & MOTOR VEHICLE PARTS & SUPPLIES [5010],GA,NV,844 REGINA DR.,,30318
11941,1586495,,818-299-0653,1586495,BEVERLY HILLS,Blow & Drive Interlock Corp,,,20130911.0,,191046705.0,1231.0,10-K/A,Jam Run Acquisition Corp,463590850.0,1934 Act,000-55053,MOTOR VEHICLE PARTS & ACCESSORIES [3714],CA,DE,137 SOUTH ROBERTSON BOULEVARD,SUITE 129,90211
12307,1607721,,44 1455 290363,1607721,MARKET BOSWORTH,"Arazu, Inc",,,,,181077483.0,1231.0,10-K,,464994535.0,1934 Act,333-221327,MOTOR VEHICLE PARTS & ACCESSORIES [3714],X0,FL,THE OFFICE- 23 BARTON ROAD,,CV13 0LQ
12439,1615153,,630-480-6413,1615153,WESTCHESTER,"Fenix Parts, Inc.",,,,,171035224.0,,10-K,,464421625.0,1934 Act,001-37382,WHOLESALE-MOTOR VEHICLES & MOTOR VEHICLE PARTS & SUPPLIES [5010],IL,DE,1 WESTBROOK CORPORATE CENTER,SUITE 920,60154
12471,1616817,,248-727-1800,1616817,SOUTHFIELD,Metaldyne Performance Group Inc.,,,,,17742234.0,1231.0,10-K/A,,471420222.0,1934 Act,001-36774,MOTOR VEHICLE PARTS & ACCESSORIES [3714],MI,DE,ONE TOWNE SQUARE,SUITE 550,48076
12486,1617669,,248-853-2333,1617669,AUBURN HILLS,"Unique Fabricating, Inc.",,,,,191141048.0,1229.0,10-K/A,,461846791.0,1934 Act,001-37480,MOTOR VEHICLE PARTS & ACCESSORIES [3714],MI,DE,800 STANDARD PARKWAY,,48326
12548,1621199,,(852) 2468 - 3012,1621199,TORONTO,UNION BRIDGE HOLDINGS LTD.,,,20141001.0,,19672022.0,1231.0,10-K,COSTO INC.,320440076.0,1934 Act,000-55731,WHOLESALE-MOTOR VEHICLE SUPPLIES & NEW PARTS [5013],A6,NV,301-3650 VICTORIA PARK AVENUE,,M2H 3P7
12807,1637655,,2485938820,1637655,TROY,Horizon Global Corp,,,,,19783465.0,1231.0,10-K/A,,0.0,1934 Act,001-37427,MOTOR VEHICLE PARTS & ACCESSORIES [3714],MI,DE,2600 WEST BIG BEAVER ROAD,SUITE 555,48084
13249,1670541,,1-414-524-1200,1670541,DUBLIN,Adient plc,,,20160328.0,,19915328.0,930.0,10-K/A,Adient Ltd,0.0,1934 Act,001-37757,MOTOR VEHICLE PARTS & ACCESSORIES [3714],L2,L2,25-28 NORTH WALL QUAY,,1
13462,1687221,,414-290-0190,1687221,MILWAUKEE,"REV Group, Inc.",,,,,19732574.0,1031.0,10-K/A,,263013415.0,1934 Act,001-37999,MOTOR VEHICLES & PASSENGER CAR BODIES [3711],WI,DE,111 EAST KILBOURN AVENUE,SUITE 2600,53202
13685,1707092,,011-44-020-305-74300,1707092,LONDON,Delphi Technologies PLC,,,20170518.0,,19621827.0,1231.0,10-K,Delphi Jersey Holdings plc,981367514.0,1934 Act,001-38110,MOTOR VEHICLE PARTS & ACCESSORIES [3714],X0,Y9,ONE ANGEL COURT,10TH FLOOR,EC2R 7HJ
13802,1733186,,248-223-0600,1733186,SOUTHFIELD,"Veoneer, Inc.",,,,,19624609.0,1231.0,10-K,,823720890.0,1934 Act,001-38471,MOTOR VEHICLE PARTS & ACCESSORIES [3714],MI,,26545 AMERICAN DRIVE,,48034
13810,1735707,,41-21-695-3000,1735707,ROLLE,Garrett Motion Inc.,,,20180327.0,,19650175.0,1231.0,10-K,Garrett Transportation Systems Inc.,824873189.0,1934 Act,001-38636,MOTOR VEHICLE PARTS & ACCESSORIES [3714],V8,DE,LA PIECE 16,,1180
13995,714284,,86-577-65817720,714284,"RUIAN CITY, ZHEJIANG",SORL Auto Parts Inc,,,19830131.0,,19720965.0,1231.0,10-K,ENCHANTED VILLAGE INC,300091294.0,1934 Act,000-11991,MOTOR VEHICLE PARTS & ACCESSORIES [3714],F4,DE,"NO. 1169 YUMENG ROAD, KNIAN",RUIAN ECONOMIC DEVELOPMENT ZONE,325200
14164,728303,,4084368611,728303,SAN JOSE,COAST DISTRIBUTION SYSTEM INC,,,19880619.0,,15815522.0,1231.0,10-K/A,COAST RV INC,942490990.0,1934 Act,001-09511,WHOLESALE-MOTOR VEHICLE SUPPLIES & NEW PARTS [5013],CA,DE,1982 ZANKER RD,,95112
14265,743238,,5175436400,743238,CHARLOTTE,SPARTAN MOTORS INC,,,,,19659742.0,1231.0,10-K,,382078923.0,1934 Act,001-33582,MOTOR VEHICLES & PASSENGER CAR BODIES [3711],MI,MI,1000 REYNOLDS RD,P O BOX 440,48813
14408,763744,,5745351125,763744,ELKHART,LCI INDUSTRIES,,,19920703.0,,19637327.0,1231.0,10-K,DREW INDUSTRIES INC,133250533.0,1934 Act,001-13646,MOTOR VEHICLE PARTS & ACCESSORIES [3714],IN,DE,3501 COUNTY ROAD 6 EAST,,46514
14502,773840,,9734552000,773840,MORRIS PLAINS,HONEYWELL INTERNATIONAL INC,,,19940929.0,,19579229.0,1231.0,10-K,ALLIEDSIGNAL INC,222640650.0,1934 Act,001-08974,MOTOR VEHICLE PARTS & ACCESSORIES [3714],NJ,DE,115 TABOR ROAD,,07950
14511,775158,,920 235 9151,775158,OSHKOSH,OSHKOSH CORP,,,19920703.0,,181195259.0,930.0,10-K,OSHKOSH TRUCK CORP,390520270.0,1934 Act,001-31371,MOTOR VEHICLES & PASSENGER CAR BODIES [3711],WI,WI,2307 OREGON ST P O BOX 2566,2307 OREGON ST P O BOX 2566,54903
14809,808450,,331-332-5000,808450,LISLE,NAVISTAR INTERNATIONAL CORP,,,19870528.0,,181239292.0,1031.0,10-K,NAVISTAR HOLDING INC,363359573.0,1934 Act,001-09618,MOTOR VEHICLES & PASSENGER CAR BODIES [3711],IL,DE,2701 NAVISTAR DRIVE,,60532
14886,813762,,212-702-4300,1034563,NEW YORK,ICAHN ENTERPRISES HOLDINGS L.P.,,,19980311.0,,19649430.0,1231.0,10-K,AMERICAN REAL ESTATE HOLDINGS L P,133398767.0,1934 Act,333-118021-01,MOTOR VEHICLE PARTS & ACCESSORIES [3714],NY,DE,767 FIFTH AVENUE,SUITE 4600,10153
14933,817979,,8129625000,817979,EVANSVILLE,ACCURIDE CORP,,,,,161467622.0,1231.0,10-K,,611109077.0,1934 Act,001-32483,MOTOR VEHICLE PARTS & ACCESSORIES [3714],IN,DE,7140 OFFICE CIRCLE,7140 OFFICE CIRCLE,47715
15177,842162,,2484471500,842162,SOUTHFIELD,LEAR CORP,,,19900723.0,,19566495.0,1231.0,10-K,LEAR SIEGLER SEATING CORP,133386776.0,1934 Act,001-11311,MOTOR VEHICLE PARTS & ACCESSORIES [3714],MI,DE,21557 TELEGRAPH ROAD,,48033
15304,854860,,5036848600,854860,PORTLAND,WILLIAMS CONTROLS INC,,,,,121258704.0,930.0,10-K,,841099587.0,1934 Act,001-33066,MOTOR VEHICLE PARTS & ACCESSORIES [3714],OR,DE,14100 SW 72ND AVENUE,,97224
15473,868780,,2159971800,868780,COLMAR,"Dorman Products, Inc.",,,19930328.0,,19634045.0,1229.0,10-K,R & B INC,232078856.0,1934 Act,000-18914,MOTOR VEHICLE PARTS & ACCESSORIES [3714],PA,PA,3400 E WALNUT ST,,18915
15882,894557,,702-448-8150,894557,BOWMANVILLE,BRISAM CORP,20081231.0,20090424.0,19940531.0,20090331.0,9717367.0,1231.0,10-K/A,PERIPHERAL CONNECTIONS INC,870485315.0,1934 Act,033-55254-39,MOTOR VEHICLE PARTS & ACCESSORIES [3714],A6,NV,182 WELLINGTON ST WEST,,L1C 1W3
15988,903129,,248-504-0500,903129,NORTHVILLE,GENTHERM Inc,,,19930503.0,,19634197.0,1231.0,10-K,AMERIGON INC,954318554.0,1934 Act,000-21810,MOTOR VEHICLE PARTS & ACCESSORIES [3714],MI,MI,21680 HAGGERTY ROAD,,48167-8994
16028,908255,,2487549200,908255,AUBURN HILLS,BORGWARNER INC,,,19930628.0,,19614034.0,1231.0,10-K,BORG WARNER AUTOMOTIVE INC,133404508.0,1934 Act,001-12162,MOTOR VEHICLE PARTS & ACCESSORIES [3714],MI,DE,3850 HAMLIN RD.,,48326
16061,910619,,5416868011,910619,COBURG,MONACO COACH CORP /DE/,,,,,8686152.0,1229.0,10-K,,351880244.0,1934 Act,001-14725,MOTOR VEHICLES & PASSENGER CAR BODIES [3711],OR,DE,91320 COBURG INDUSTRIAL WAY,,97408
16150,914257,,877-214-2882,914257,EDMONTON,"Global Enviro Solutions, Inc.",,,19931029.0,,10909768.0,1231.0,10-K,GREEN OASIS ENVIRONMENTAL INC,570970282.0,1934 Act,033-68304-02,MOTOR VEHICLES & PASSENGER CAR BODIES [3711],A0,FL,17310 - 106 AVE. NW,,T5S 1H9
16211,918251,,3109724015,918251,TORRANCE,MOTORCAR PARTS AMERICA INC,,,19940128.0,,19929222.0,331.0,10-K,MOTORCAR PARTS & ACCESSORIES INC,112153962.0,1934 Act,001-33861,MOTOR VEHICLE PARTS & ACCESSORIES [3714],CA,NY,2929 CALIFORNIA STREET,,90503
16448,933034,,4142473333,933034,MILWAUKEE,STRATTEC SECURITY CORP,,,,,191076126.0,630.0,10-K,,391804239.0,1934 Act,000-25150,MOTOR VEHICLE PARTS & ACCESSORIES [3714],WI,WI,3333 W GOOD HOPE ROAD,,53209
16620,948844,,2034016450,948844,NEW HAVEN,"PROLIANCE INTERNATIONAL, INC.",,,19950802.0,,9701646.0,1231.0,10-K,TRANSPRO INC,341807383.0,1934 Act,001-13894,MOTOR VEHICLE PARTS & ACCESSORIES [3714],CT,DE,100 GANDO DRIVE,,06513
16679,1001463,,727-678-4420,1001463,CLEARWATER,"Acacia Diversified Holdings, Inc.",,,19950927.0,,19719934.0,1231.0,10-K,GIBBS CONSTRUCTION INC,752095676.0,1934 Act,001-14088,WHOLESALE-MOTOR VEHICLES & MOTOR VEHICLE PARTS & SUPPLIES [5010],FL,TX,13575 58TH STREET NORTH - #138,,33760
16794,1006840,,86-898-66186181,1006840,HAINAN PROVINCE,"Cang Bao Tian Xia International Art Trade Center, Inc.",,,20000717.0,,191101397.0,630.0,10-K,EQUICAP INC,470925451.0,1934 Act,000-31091,WHOLESALE-MOTOR VEHICLES & MOTOR VEHICLE PARTS & SUPPLIES [5010],F4,,"5-1-1206 HEFENG JIANGAN, NIANQING RD.","MEILAN DISTRICT, HAIKOU",570203
16925,1016177,,6123422311,1016177,MINNEAPOLIS,DURA AUTOMOTIVE SYSTEMS INC,,,,,81154539.0,1231.0,10-K,,383185711.0,1934 Act,000-21139,MOTOR VEHICLE PARTS & ACCESSORIES [3714],MN,DE,4508 IDS CENTER,,55402
16991,1019787,,5615479499,1019787,BOYNTON BEACH,PURADYN FILTER TECHNOLOGIES INC,,,19960726.0,,19704226.0,1231.0,10-K,T F PURIFINER INC,141708544.0,1934 Act,001-11991,MOTOR VEHICLE PARTS & ACCESSORIES [3714],FL,DE,2017 HIGH RIDGE ROAD,,33426
17028,1022097,,646-308-1503,1022097,NEW YORK,"TURBODYNE TECHNOLOGIES, INC",,,19960904.0,,15530137.0,1231.0,10-K,TURBODYNE TECHNOLOGIES INC,954699061.0,1934 Act,000-21391,MOTOR VEHICLE PARTS & ACCESSORIES [3714],NY,NV,250 WEST 57TH STREET,SUITE 2328,10107
17085,1024725,,847-482-5000,1024725,LAKE FOREST,TENNECO INC,,,19961011.0,,19686517.0,1231.0,10-K,NEW TENNECO INC,760515284.0,1934 Act,001-12387,MOTOR VEHICLE PARTS & ACCESSORIES [3714],IL,DE,500 N FIELD DR,ROOM T 2560B,60045
17204,1034258,,248-519-0700,1034258,TROY,"NOBLE INTERNATIONAL, LTD.",,,19970515.0,,8787147.0,1231.0,10-K/A,NOBLE INTERNATIONAL LTD,383139487.0,1934 Act,001-13581,MOTOR VEHICLE PARTS & ACCESSORIES [3714],MI,DE,840 W. LONG LAKE ROAD,SUITE 601,48098
17205,1034563,,212-702-4300,1034563,NEW YORK,ICAHN ENTERPRISES HOLDINGS L.P.,,,19980311.0,,19649430.0,1231.0,10-K,AMERICAN REAL ESTATE HOLDINGS L P,133398767.0,1934 Act,333-118021-01,MOTOR VEHICLE PARTS & ACCESSORIES [3714],NY,DE,767 FIFTH AVENUE,SUITE 4600,10153
17209,1034670,,8016299800,1034670,SWEDEN,AUTOLIV INC,,,,,19620879.0,1231.0,10-K,,510378542.0,1934 Act,001-12933,MOTOR VEHICLE PARTS & ACCESSORIES [3714],V7,DE,BOX 70381,SE 107 24 STOCKHOLM,84405
17334,1041609,,515-899-2164,1041609,RADCLIFFE,MIRENCO INC,,,,,11759686.0,1231.0,10-K,,391878581.0,1934 Act,000-32819,MOTOR VEHICLE PARTS & ACCESSORIES [3714],IA,IA,206 MAY STREET,P.O. BOX 343,50230
17379,1043337,,2484899300,1043337,NOVI,STONERIDGE INC,,,,,19639252.0,1231.0,10-K,,341598949.0,1934 Act,001-13337,MOTOR VEHICLE PARTS & ACCESSORIES [3714],MI,OH,39675 MACKENZIE DRIVE,SUITE 400,48377
17436,1046131,,630-438-30,1046131,ITASCA,MIDAS INC,,,19970915.0,,12764352.0,1226.0,10-K/A,MIDAS GROUP INC,364180556.0,1934 Act,001-13409,WHOLESALE-MOTOR VEHICLES & MOTOR VEHICLE PARTS & SUPPLIES [5010],IL,DE,1300 ARLINGTON HEIGHTS ROAD,,60143
17450,1046859,,800-372-3555,1046859,PENDLETON,"REMY INTERNATIONAL, INC.",,,19970924.0,,15665926.0,1231.0,10-K,DELCO REMY INTERNATIONAL INC,351909253.0,1934 Act,001-13683,MOTOR VEHICLE PARTS & ACCESSORIES [3714],IN,DE,600 CORPORATION DRIVE,,46064
